{
  "trained": true,
  "training_samples": 6623,
  "validation_samples": 3381,
  "accuracy": 0.5740905057675244,
  "precision": 0.22492625368731564,
  "recall": 0.43948126801152737,
  "auc": 0.5331401378609143,
  "positive_ratio": 0.1982485278574664,
  "negative_ratio": 0.8017514721425336,
  "scale_pos_weight": 4.044173648134044,
  "feature_importance": {
    "volume_ratio": 0.041222580514229924,
    "momentum_regime_score": 0.036781768895053,
    "liquidity_stress": 0.03666701734812056,
    "earnings_proximity_score": 0.03657495215876034,
    "gap_held": 0.035016700158341,
    "resistance_distance": 0.03391514780834877,
    "sector_rs_rank": 0.03278857242671482,
    "atr_percentile": 0.03266609625086468,
    "return_5": 0.03236397480265913,
    "return_20": 0.03199354918820004,
    "price_acceleration": 0.03177640305806358,
    "price_vs_52w_high": 0.03155686583503477,
    "rotation_speed": 0.031081468672021734,
    "macd": 0.03090032649598421,
    "adx": 0.03045381162186189,
    "volume_delta": 0.029625891604535295,
    "sma_50_gap": 0.02956749573841511,
    "weeks_since_earnings": 0.029091286431804333,
    "stoch_k": 0.028962015423695975,
    "macd_hist": 0.028481123233330685,
    "rsi": 0.0278759084416605,
    "gap_quality": 0.027874575761694033,
    "intermarket_divergence": 0.027773160181241027,
    "volume_trend": 0.027637658327024466,
    "vwap_distance": 0.027544498542855435,
    "return_1": 0.027199518098993132,
    "atr": 0.027183661990633712,
    "roc_10": 0.02716143135392684,
    "bollinger_position": 0.026778125344674164,
    "mfi": 0.02652245370225289,
    "breadth_percentile": 0.026109743607352288,
    "trend_consistency": 0.024674726849693494,
    "consecutive_up_days": 0.024177490131958187
  },
  "trained_at": "2026-04-13T05:49:44.825832+00:00",
  "xgb_auc": 0.5331401378609143,
  "lightgbm_auc": 0.0,
  "ensemble_auc": 0.5331401378609143,
  "fold_aucs": [
    {
      "fold": 1,
      "month": "2025-04",
      "regime": "neutral",
      "auc": 0.5791,
      "trade_win_rate": 0.3,
      "trade_average_return": 0.0362
    },
    {
      "fold": 2,
      "month": "2025-05",
      "regime": "bull_volatile",
      "auc": 0.6273,
      "trade_win_rate": 0.3333,
      "trade_average_return": 0.0303
    },
    {
      "fold": 3,
      "month": "2025-06",
      "regime": "bull_volatile",
      "auc": 0.5071,
      "trade_win_rate": 0.2,
      "trade_average_return": 0.0288
    },
    {
      "fold": 4,
      "month": "2025-07",
      "regime": "bull_volatile",
      "auc": 0.5487,
      "trade_win_rate": 0.1,
      "trade_average_return": -0.0217
    },
    {
      "fold": 5,
      "month": "2025-08",
      "regime": "bull_volatile",
      "auc": 0.5863,
      "trade_win_rate": 0.15,
      "trade_average_return": 0.0025
    },
    {
      "fold": 6,
      "month": "2025-09",
      "regime": "bull_volatile",
      "auc": 0.5603,
      "trade_win_rate": 0.25,
      "trade_average_return": 0.016
    },
    {
      "fold": 7,
      "month": "2025-10",
      "regime": "neutral",
      "auc": 0.5131,
      "trade_win_rate": 0.3,
      "trade_average_return": 0.0325
    },
    {
      "fold": 8,
      "month": "2025-11",
      "regime": "neutral",
      "auc": 0.5621,
      "trade_win_rate": 0.3,
      "trade_average_return": -0.007
    },
    {
      "fold": 9,
      "month": "2025-12",
      "regime": "neutral",
      "auc": 0.5256,
      "trade_win_rate": 0.2,
      "trade_average_return": -0.0034
    },
    {
      "fold": 10,
      "month": "2026-01",
      "regime": "neutral",
      "auc": 0.4874,
      "trade_win_rate": 0.2667,
      "trade_average_return": 0.0029
    },
    {
      "fold": 11,
      "month": "2026-02",
      "regime": "neutral",
      "auc": 0.5582,
      "trade_win_rate": 0.4667,
      "trade_average_return": 0.0217
    },
    {
      "fold": 12,
      "month": "2026-03",
      "regime": "bear_volatile",
      "auc": 0.4226,
      "trade_win_rate": 0.12,
      "trade_average_return": -0.0149
    },
    {
      "fold": 13,
      "month": "2026-04",
      "regime": "neutral",
      "auc": 0.5802,
      "trade_win_rate": 0.2,
      "trade_average_return": -0.0033
    }
  ],
  "ensemble_weights": {
    "xgb": 1.0,
    "lgbm": 0.0
  },
  "label_definition": "Target = prior-Friday-close to next-Friday-close return minus SPY weekly return >= 3%, sampled once per Monday. Regime-specific adaptive ensemble.",
  "model_family": "AdaptiveRegimeEnsemble",
  "selected_profile": "adaptive_regime_ensemble",
  "regime_training_counts": {
    "bull_quiet": 69,
    "bull_volatile": 3173,
    "neutral": 3174,
    "bear_volatile": 207,
    "crisis": 0
  },
  "regime_win_rates": {
    "neutral": 0.29047619047619044,
    "bull_volatile": 0.20666666666666664,
    "bear_volatile": 0.12
  },
  "feature_columns": [
    "return_1",
    "return_5",
    "return_20",
    "roc_10",
    "volume_delta",
    "volume_ratio",
    "macd",
    "macd_hist",
    "rsi",
    "atr",
    "mfi",
    "vwap_distance",
    "adx",
    "stoch_k",
    "sma_50_gap",
    "bollinger_position",
    "price_vs_52w_high",
    "weeks_since_earnings",
    "sector_rs_rank",
    "consecutive_up_days",
    "gap_quality",
    "gap_held",
    "atr_percentile",
    "trend_consistency",
    "price_acceleration",
    "volume_trend",
    "resistance_distance",
    "earnings_proximity_score",
    "breadth_percentile",
    "momentum_regime_score",
    "rotation_speed",
    "earnings_quality",
    "liquidity_stress",
    "intermarket_divergence"
  ],
  "feature_health_path": "/Users/crinklyink/Desktop/Stock scan/stock_predictor/models/feature_health.json",
  "online_learner_path": "/Users/crinklyink/Desktop/Stock scan/stock_predictor/models/online_learner.pkl",
  "regime_summary": {},
  "trained_regimes": [
    "bear_volatile",
    "bull_volatile",
    "neutral"
  ]
}