{
  "trained": true,
  "training_samples": 53601,
  "validation_samples": 28571,
  "accuracy": 0.5098876483147248,
  "precision": 0.34708041757485375,
  "recall": 0.6978433859993081,
  "auc": 0.5978256059446118,
  "positive_ratio": 0.2865804742448835,
  "negative_ratio": 0.7134195257551166,
  "scale_pos_weight": 2.4894212616366125,
  "feature_importance": {
    "liquidity_stress": 0.07783704735073842,
    "breadth_percentile": 0.048075365389040094,
    "hl_ratio_trend": 0.045946314009910685,
    "rotation_speed": 0.04553447255498243,
    "micro_spread_proxy": 0.03625749687133695,
    "momentum_regime_score": 0.03000764186165341,
    "earnings_proximity_score": 0.021727015703445308,
    "return_1": 0.01989041395542446,
    "intermarket_divergence": 0.019887762404081112,
    "gap_quality": 0.019840378835181423,
    "sma_50_gap": 0.019690423996093977,
    "days_to_next_earnings": 0.019443908907566622,
    "sector_rs_rank": 0.019007178070641333,
    "price_vs_52w_high": 0.018828344311251667,
    "resistance_distance": 0.018756241290260926,
    "return_20": 0.01872612847340952,
    "vwap_distance": 0.017878880322562817,
    "macd": 0.017420632128252407,
    "return_5": 0.01718663037508853,
    "price_acceleration": 0.016985836052894616,
    "roc_10": 0.016737738039884438,
    "bollinger_position": 0.01627812737558732,
    "macd_hist": 0.015995439328899127,
    "atr": 0.015442303577992342,
    "rsi": 0.015243860258104971,
    "consecutive_up_days": 0.014971367206450592,
    "adx": 0.014816887104546312,
    "weeks_since_earnings": 0.014784667445346667,
    "fund_share_change": 0.014636094895611063,
    "volume_ratio": 0.014527937512636906,
    "micro_turnover_proxy": 0.014465626679656087,
    "fund_gross_margin": 0.014440127079804726,
    "fund_revenue_growth": 0.014377704113146875,
    "fund_share_dilution_ttm": 0.014317285141741196,
    "gap_held": 0.014139293349173285,
    "volume_delta": 0.014137594091801181,
    "micro_slippage_proxy": 0.014115703040094107,
    "volume_trend": 0.014009034757720229,
    "fund_operating_margin": 0.013933748734833096,
    "stoch_k": 0.013854363700409595,
    "mfi": 0.013716111358104674,
    "trend_consistency": 0.01368103995576268,
    "atr_percentile": 0.013598454331205028,
    "atr_norm_return": 0.013559187692164004,
    "fund_margin_trend_ttm": 0.013517771505084947,
    "fund_revenue_growth_ttm": 0.013268271353906921,
    "fund_free_cash_flow_margin": 0.01324673204199594,
    "fund_debt_change_ttm": 0.012683254415039183,
    "obv_acceleration": 0.012470185723020085,
    "micro_impact_proxy": 0.012317448228356986,
    "vwap_trend": 0.012182353954036959,
    "fund_debt_to_assets": 0.011606173144065786
  },
  "trained_at": "2026-04-25T21:39:49.604464+00:00",
  "xgb_auc": 0.5978256059446118,
  "lightgbm_auc": 0.0,
  "ensemble_auc": 0.5978256059446118,
  "fold_aucs": [
    {
      "fold": 1,
      "month": "2025-04",
      "regime": "neutral",
      "auc": 0.6179,
      "trade_win_rate": 0.4,
      "trade_average_return": 0.0093
    },
    {
      "fold": 2,
      "month": "2025-05",
      "regime": "bull_volatile",
      "auc": 0.6682,
      "trade_win_rate": 0.4667,
      "trade_average_return": 0.0494
    },
    {
      "fold": 3,
      "month": "2025-06",
      "regime": "bull_volatile",
      "auc": 0.7128,
      "trade_win_rate": 0.6,
      "trade_average_return": 0.029
    },
    {
      "fold": 4,
      "month": "2025-07",
      "regime": "bull_volatile",
      "auc": 0.6693,
      "trade_win_rate": 0.45,
      "trade_average_return": 0.0538
    },
    {
      "fold": 5,
      "month": "2025-08",
      "regime": "bull_volatile",
      "auc": 0.6103,
      "trade_win_rate": 0.35,
      "trade_average_return": 0.0088
    },
    {
      "fold": 6,
      "month": "2025-09",
      "regime": "bull_volatile",
      "auc": 0.6819,
      "trade_win_rate": 0.55,
      "trade_average_return": 0.0761
    },
    {
      "fold": 7,
      "month": "2025-10",
      "regime": "neutral",
      "auc": 0.4875,
      "trade_win_rate": 0.7,
      "trade_average_return": 0.0931
    },
    {
      "fold": 8,
      "month": "2025-11",
      "regime": "bull_volatile",
      "auc": 0.5857,
      "trade_win_rate": 0.65,
      "trade_average_return": 0.0267
    },
    {
      "fold": 9,
      "month": "2025-12",
      "regime": "neutral",
      "auc": 0.5945,
      "trade_win_rate": 0.36,
      "trade_average_return": -0.0076
    },
    {
      "fold": 10,
      "month": "2026-01",
      "regime": "neutral",
      "auc": 0.5288,
      "trade_win_rate": 0.6,
      "trade_average_return": 0.0323
    },
    {
      "fold": 11,
      "month": "2026-02",
      "regime": "neutral",
      "auc": 0.5045,
      "trade_win_rate": 0.5333,
      "trade_average_return": -0.015
    },
    {
      "fold": 12,
      "month": "2026-03",
      "regime": "bear_volatile",
      "auc": 0.5871,
      "trade_win_rate": 0.56,
      "trade_average_return": 0.0126
    },
    {
      "fold": 13,
      "month": "2026-04",
      "regime": "bull_quiet",
      "auc": 0.5792,
      "trade_win_rate": 0.6,
      "trade_average_return": -0.0051
    }
  ],
  "ensemble_weights": {
    "xgb": 1.0,
    "lgbm": 0.0
  },
  "label_definition": "Target = trade-aware weekly setup: hit a 5% target before a 3% stop, or produce at least 2% SPY-relative return with risk-adjusted return >= 1.0. Rows are sampled once per Monday with purged/embargoed validation. Regime-specific adaptive ensemble.",
  "model_family": "AdaptiveRegimeEnsemble",
  "selected_profile": "adaptive_regime_ensemble",
  "short_horizon_auc": 0.0,
  "regime_training_counts": {
    "bull_quiet": 561,
    "bull_volatile": 27330,
    "neutral": 24027,
    "bear_volatile": 1683,
    "crisis": 0
  },
  "regime_win_rates": {
    "neutral": 0.5186666666666666,
    "bull_volatile": 0.5111111111111112,
    "bear_volatile": 0.56,
    "bull_quiet": 0.6
  },
  "feature_columns": [
    "return_1",
    "return_5",
    "return_20",
    "roc_10",
    "volume_delta",
    "volume_ratio",
    "macd",
    "macd_hist",
    "rsi",
    "atr",
    "mfi",
    "vwap_distance",
    "adx",
    "stoch_k",
    "sma_50_gap",
    "bollinger_position",
    "price_vs_52w_high",
    "weeks_since_earnings",
    "sector_rs_rank",
    "consecutive_up_days",
    "gap_quality",
    "gap_held",
    "atr_percentile",
    "trend_consistency",
    "price_acceleration",
    "volume_trend",
    "micro_spread_proxy",
    "micro_slippage_proxy",
    "micro_turnover_proxy",
    "micro_impact_proxy",
    "resistance_distance",
    "earnings_proximity_score",
    "breadth_percentile",
    "hl_ratio_trend",
    "vwap_trend",
    "obv_acceleration",
    "atr_norm_return",
    "days_to_next_earnings",
    "fund_revenue_growth",
    "fund_revenue_growth_ttm",
    "fund_gross_margin",
    "fund_operating_margin",
    "fund_free_cash_flow_margin",
    "fund_debt_to_assets",
    "fund_share_change",
    "fund_margin_trend_ttm",
    "fund_debt_change_ttm",
    "fund_share_dilution_ttm",
    "macro_rates_level",
    "macro_curve_slope",
    "macro_credit_spread",
    "macro_inflation_expectation",
    "macro_unemployment",
    "macro_policy_rate",
    "macro_regime_expansion_flag",
    "macro_regime_cooling_flag",
    "macro_regime_stress_flag",
    "macro_regime_transition_up",
    "macro_regime_transition_down",
    "momentum_regime_score",
    "rotation_speed",
    "earnings_quality",
    "liquidity_stress",
    "intermarket_divergence"
  ],
  "feature_health_path": "/Users/crinklyink/Desktop/Stock scan/stock_predictor/models/feature_health.json",
  "online_learner_path": "/Users/crinklyink/Desktop/Stock scan/stock_predictor/models/online_learner.pkl",
  "regime_summary": {
    "neutral": {
      "weeks": 5,
      "win_rate": 0.5186666666666666,
      "average_return": 0.02242364361927109
    },
    "bull_volatile": {
      "weeks": 6,
      "win_rate": 0.5111111111111112,
      "average_return": 0.040623894542416966
    },
    "bear_volatile": {
      "weeks": 1,