{
  "trained": true,
  "training_samples": 53601,
  "validation_samples": 10721,
  "accuracy": 0.1831918664303703,
  "precision": 0.1831918664303703,
  "recall": 1.0,
  "auc": 0.6526538461538463,
  "positive_ratio": 0.13878264925373135,
  "negative_ratio": 0.8612173507462687,
  "scale_pos_weight": 6.205511678709461,
  "feature_importance": {
    "resistance_distance": 0.10040241469373444,
    "fund_gross_margin": 0.09413817216419526,
    "breadth_percentile": 0.08509193217488731,
    "vwap_trend": 0.07871369653080967,
    "price_vs_52w_high": 0.06798220198563723,
    "gap_held": 0.04571188551895559,
    "consecutive_up_days": 0.04159145173836884,
    "days_to_next_earnings": 0.04033670846664727,
    "earnings_proximity_score": 0.03345864432246587,
    "trend_consistency": 0.030704885682163563,
    "sector_rs_rank": 0.030473674598363795,
    "fund_operating_margin": 0.028028492215660946,
    "sma_50_gap": 0.025275935723117225,
    "micro_impact_proxy": 0.024582652524640446,
    "vwap_distance": 0.02130141474488292,
    "weeks_since_earnings": 0.018927580351868815,
    "fund_share_change": 0.01782694523415462,
    "atr_percentile": 0.017396100111961976,
    "roc_10": 0.01690693005209087,
    "return_20": 0.01429195855276527,
    "fund_revenue_growth": 0.013896234977106245,
    "return_5": 0.012743221706546768,
    "fund_margin_trend_ttm": 0.0121554750610407,
    "fund_debt_to_assets": 0.011429385615712835,
    "micro_slippage_proxy": 0.010918624675451785,
    "return_1": 0.010618189826742654,
    "fund_share_dilution_ttm": 0.00850959576733095,
    "macd": 0.00635053987115571,
    "obv_acceleration": 0.006067811988618561,
    "stoch_k": 0.005762617779661277,
    "bollinger_position": 0.0056177119636556415,
    "volume_ratio": 0.005119935565993035,
    "micro_turnover_proxy": 0.0048477226816888005,
    "rsi": 0.004814631903115214,
    "atr_norm_return": 0.004767042694739516,
    "gap_quality": 0.0046817577106669514,
    "atr": 0.004660861541769152,
    "adx": 0.004289299272034681,
    "macd_hist": 0.004267638156674941,
    "mfi": 0.004038890300217938,
    "price_acceleration": 0.0039709980107897,
    "fund_free_cash_flow_margin": 0.0039655825517918965,
    "fund_debt_change_ttm": 0.0035744679374934345,
    "volume_delta": 0.003361621331043782,
    "fund_revenue_growth_ttm": 0.0033475905743361478,
    "volume_trend": 0.003078873147249838
  },
  "trained_at": "2026-04-26T18:15:48.839695+00:00",
  "xgb_auc": 0.6526538461538463,
  "lightgbm_auc": 0.5,
  "ensemble_auc": 0.6526538461538463,
  "fold_aucs": [
    {
      "fold": 1,
      "month": "2025-04",
      "purged_rows": 559,
      "auc": 0.5611,
      "xgb_auc": 0.5611,
      "lightgbm_auc": 0.5,
      "trade_win_rate": 0.25,
      "trade_stop_rate": 0.5,
      "trade_average_return": 0.0677,
      "trade_average_excess_return": 0.0382
    },
    {
      "fold": 2,
      "month": "2025-05",
      "purged_rows": 560,
      "auc": 0.6132,
      "xgb_auc": 0.6132,
      "lightgbm_auc": 0.5,
      "trade_win_rate": 0.3333,
      "trade_stop_rate": 0.6667,
      "trade_average_return": -0.0116,
      "trade_average_excess_return": -0.0193
    },
    {
      "fold": 3,
      "month": "2025-06",
      "purged_rows": 0,
      "auc": 0.7285,
      "xgb_auc": 0.7285,
      "lightgbm_auc": 0.5,
      "trade_win_rate": 0.4,
      "trade_stop_rate": 0.6,
      "trade_average_return": 0.0879,
      "trade_average_excess_return": 0.0759
    },
    {
      "fold": 4,
      "month": "2025-07",
      "purged_rows": 560,
      "auc": 0.7392,
      "xgb_auc": 0.7392,
      "lightgbm_auc": 0.5,
      "trade_win_rate": 0.25,
      "trade_stop_rate": 0.5,
      "trade_average_return": -0.0534,
      "trade_average_excess_return": -0.0521
    },
    {
      "fold": 5,
      "month": "2025-08",
      "purged_rows": 560,
      "auc": 0.6848,
      "xgb_auc": 0.6848,
      "lightgbm_auc": 0.5,
      "trade_win_rate": 0.25,
      "trade_stop_rate": 0.5,
      "trade_average_return": -0.0084,
      "trade_average_excess_return": -0.0177
    },
    {
      "fold": 6,
      "month": "2025-09",
      "purged_rows": 0,
      "auc": 0.7168,
      "xgb_auc": 0.7168,
      "lightgbm_auc": 0.5,
      "trade_win_rate": 0.75,
      "trade_stop_rate": 0.25,
      "trade_average_return": 0.0375,
      "trade_average_excess_return": 0.0291
    },
    {
      "fold": 7,
      "month": "2025-10",
      "purged_rows": 560,
      "auc": 0.705,
      "xgb_auc": 0.705,
      "lightgbm_auc": 0.5,
      "trade_win_rate": 0.5,
      "trade_stop_rate": 0.5,
      "trade_average_return": 0.0126,
      "trade_average_excess_return": 0.0077
    },
    {
      "fold": 8,
      "month": "2025-11",
      "purged_rows": 560,
      "auc": 0.6724,
      "xgb_auc": 0.6724,
      "lightgbm_auc": 0.5,
      "trade_win_rate": 0.5,
      "trade_stop_rate": 0.5,
      "trade_average_return": -0.0493,
      "trade_average_excess_return": -0.05
    },
    {
      "fold": 9,
      "month": "2025-12",
      "purged_rows": 560,
      "auc": 0.7115,
      "xgb_auc": 0.7115,
      "lightgbm_auc": 0.5,
      "trade_win_rate": 0.2,
      "trade_stop_rate": 0.8,
      "trade_average_return": -0.0361,
      "trade_average_excess_return": -0.0361
    },
    {
      "fold": 10,
      "month": "2026-01",
      "purged_rows": 561,
      "auc": 0.5944,
      "xgb_auc": 0.5944,
      "lightgbm_auc": 0.5,
      "trade_win_rate": 0.3333,
      "trade_stop_rate": 0.6667,
      "trade_average_return": 0.0497,
      "trade_average_excess_return": 0.0442
    },
    {
      "fold": 11,
      "month": "2026-02",
      "purged_rows": 561,
      "auc": 0.5376,
      "xgb_auc": 0.5376,
      "lightgbm_auc": 0.5,
      "trade_win_rate": 0.3333,
      "trade_stop_rate": 0.6667,
      "trade_average_return": -0.0494,
      "trade_average_excess_return": -0.0428
    },
    {
      "fold": 12,
      "month": "2026-03",
      "purged_rows": 561,
      "auc": 0.6232,
      "xgb_auc": 0.6232,
      "lightgbm_auc": 0.5,
      "trade_win_rate": 0.4,
      "trade_stop_rate": 0.2,
      "trade_average_return": 0.0006,
      "trade_average_excess_return": 0.0093
    },
    {
      "fold": 13,
      "month": "2026-04",
      "purged_rows": 561,
      "auc": 0.5968,
      "xgb_auc": 0.5968,
      "lightgbm_auc": 0.5,
      "trade_win_rate": 0.3333,
      "trade_stop_rate": 0.6667,
      "trade_average_return": 0.0732,
      "trade_average_excess_return": 0.0444
    }
  ],
  "ensemble_weights": {
    "xgb": 1.0,
    "lgbm": 0.0
  },
  "label_definition": "Target = strict same-week triple-barrier setup: hit +6% before a -3.5% stop by Friday close. Rows are sampled once per Monday with purged/embargoed validation.",
  "model_family": "RandomForestFallback",
  "selected_profile": "baseline",
  "short_horizon_auc": 0.46013058832418735,